{
  "num_samples": 8,
  "input_tokens_mean": 217.25,
  "input_tokens_min": 131,
  "input_tokens_max": 300,
  "generated_tokens_mean": 16.0,
  "generated_tokens_min": 16,
  "generated_tokens_max": 16,
  "prefill_seconds_mean": 27.438164065375304,
  "prefill_seconds_min": 17.778710395001326,
  "prefill_seconds_max": 42.43328759399992,
  "prefill_tokens_per_second_mean": 8.006982582444923,
  "prefill_tokens_per_second_min": 5.396706524157715,
  "prefill_tokens_per_second_max": 9.166334653368164,
  "decode_seconds_mean": 105.58622237749955,
  "decode_seconds_min": 98.19495376099985,
  "decode_seconds_max": 111.7124654750005,
  "decode_tokens_per_second_mean": 0.15172295740332611,
  "decode_tokens_per_second_min": 0.14322484005673072,
  "decode_tokens_per_second_max": 0.16294116334066375,
  "kv_cache_prefill_mib_mean": 4.66748046875,
  "kv_cache_prefill_mib_min": 2.814453125,
  "kv_cache_prefill_mib_max": 6.4453125,
  "kv_cache_after_decode_mib_mean": 5.01123046875,
  "kv_cache_after_decode_mib_min": 3.158203125,
  "kv_cache_after_decode_mib_max": 6.7890625,
  "loss_mean": 2.4485240280628204,
  "loss_min": 2.1650612354278564,
  "loss_max": 2.8553993701934814,
  "perplexity_mean": 11.901271968713987,
  "perplexity_min": 8.71513557556746,
  "perplexity_max": 17.381377425771394,
  "rss_after_sample_mib_mean": 885.31298828125,
  "rss_after_sample_mib_min": 811.79296875,
  "rss_after_sample_mib_max": 1174.29296875,
  "created_at": "2026-05-14T18:00:49+0500",
  "method": "awq",
  "loader": "awq",
  "model_path": "weights/awq_int4/model",
  "dataset": "datasets/processed/wikitext2.jsonl",
  "system": {
    "platform": "Linux-6.17.0-23-generic-x86_64-with-glibc2.39",
    "python": "3.10.20",
    "cpu": "x86_64",
    "physical_cores": 2,
    "logical_cores": 4,
    "ram_total_mib": 3800.56640625,
    "ram_available_mib": 1278.41015625
  },
  "args": {
    "model_path": "weights/awq_int4/model",
    "method": "awq",
    "dataset": "datasets/processed/wikitext2.jsonl",
    "output_dir": "results",
    "max_samples": 8,
    "max_input_tokens": 512,
    "max_new_tokens": 16,
    "threads": 4,
    "dtype": "float32",
    "loader": "awq",
    "bits": 4,
    "compute_loss": true,
    "trust_remote_code": false,
    "offload_folder": "results/offload",
    "awq_device_map": "cpu"
  },
  "artifact_size_gib": 0.7165328618139029,
  "load_seconds": 10.5530270069994,
  "rss_after_load_mib": 1042.25,
  "peak_rss_mib": 1620.0703125,
  "peak_rss_delta_mib": 1270.84375,
  "sample_metrics_jsonl": "results/awq_wikitext2_1778763649.jsonl"
}